PEOPLE,START,END,MINUTES_SPENT
2,15:19,15:40,21
1,15:20,15:21,1
3,15:20,16:20,60
1,15:20,15:24,4
1,15:34,16:20,46
2,15:26,16:07,41
1,15:28,15:47,19
1,15:29,15:34,5
1,15:33,15:34,1
1,15:34,16:09,35
1,15:35,15:36,1
1,15:36,15:42,6
3,15:38,16:04,26
2,15:40,15:59,19
2,15:41,15:50,9
1,15:45,15:54,9
1,15:48,16:13,25
1,15:49,16:44,55
1,15:53,16:05,12
1,15:58,15:59,1
1,16:02,16:10,8
1,16:10,16:15,5
1,16:04,16:15,11
1,16:04,16:25,21
1,16:05,16:30,25
1,16:08,16:44,36
1,16:09,16:15,6
1,16:12,16:15,3
1,16:14,16:23,9
1,16:17,16:29,12
1,16:19,16:30,11
1,16:19,16:29,10
2,16:27,16:33,6
1,16:30,16:31,1
1,16:32,16:42,10
4,16:32,16:44,12
4,16:46,16:48,2
1,16:51,16:52,1
